nr_dias_desde_primeiro_acesso,nr_dias_desde_ultimo_acesso,nr_atividades_sinalizadas,nr_atividades_mapeadas,nr_discussoes_forum_postadas,nr_questionarios_abandonados,nr_questionarios_finalizados,vl_medio_tempo_questionario,vl_medio_tempo_questionario_avaliado,vl_desempenho_questionario,nr_intervalos_uso,nr_dias_uso,vl_medio_atividade_diaria,vl_engajamento_usuario_por_intervalo,vl_engajamento_usuario_intradia,nr_dias_engajamento_discussao,nr_dias_engajamento_questionario,nr_engajamento_discussao,nr_engajamento_questionario,nr_questoes_respondidas,nr_questoes_corretas,nr_questoes_erradas,nr_questoes_parciais,vl_desempenho_usuario,vl_media_questoes_por_dia,vl_engajamento_notas,nr_itens_avaliados,nr_itens_nao_respondidos,vl_media_notas,nr_submissoes_codigo,vl_media_submissoes_codigo,vl_submissoes_por_dias_ativos,nr_abandono,vl_taxa_acerto_questoes,vl_forum_por_dia,vl_dias_entre_acessos,vl_submissoes_por_dia,nr_periodo_ferias
20,6,0,4,0,0,1,111.0,111.0,0.0,14.0,3,4.7333,0.0,0.0,1,2,1,34,44,1,0,0,1.0,0.0,0.0,1,62,1.0,0,0.0,0.0,0,0.022727272727272728,0.0,1.4285714285714286,0.0,0
56,6,0,0,0,0,4,1835.25,1835.25,89.72972973,50.0,26,21.4706,50.9804,42.1154,6,10,28,179,62,51,8,1,0.991836735,0.525,0.325,21,42,0.99047619,47,6.7143,15.6667,0,0.8225806451612904,0.0,1.12,1.8076923076923077,0
19,18,0,0,0,0,0,0.0,0.0,0.0,1.0,2,9.5,0.0,0.0,1,1,1,3,0,0,0,0,0.0,0.0,0.0,0,0,0.0,0,0.0,0.0,1,0.0,0.0,19.0,0.0,0
13,13,0,0,0,0,0,0.0,0.0,0.0,0.0,1,7.0,0.0,0.0,0,0,0,0,0,0,0,0,0.0,0.0,0.0,0,0,0.0,0,0.0,0.0,0,0.0,0.0,13.0,0.0,0
15,15,0,0,0,0,0,0.0,0.0,0.0,0.0,1,13.0,0.0,0.0,0,0,0,0,0,0,0,0,0.0,0.0,0.0,0,0,0.0,0,0.0,0.0,1,0.0,0.0,15.0,0.0,0
41,16,0,0,0,0,2,432769.5,432769.5,0.0,25.0,8,9.8846,0.0,0.0,3,5,10,123,60,46,10,1,1.0,0.6875,0.3125,11,52,1.0,0,0.0,0.0,0,0.7666666666666667,0.0,1.64,0.0,0
11,3,0,0,0,0,2,3548.5,3548.5,0.0,8.0,6,13.7778,0.0,0.0,1,2,2,64,58,45,9,1,0.92,0.5,0.5,2,61,0.9,0,0.0,0.0,0,0.7758620689655172,0.0,1.375,0.0,0
19,18,0,0,0,0,1,49.0,49.0,0.0,1.0,2,28.0,0.0,0.0,0,2,0,31,39,1,0,0,1.0,0.0,0.0,1,62,1.0,0,0.0,0.0,0,0.02564102564102564,0.0,19.0,0.0,0
20,20,0,0,0,0,0,0.0,0.0,0.0,0.0,1,7.0,0.0,0.0,0,0,0,0,0,0,0,0,0.0,0.0,0.0,0,0,0.0,0,0.0,0.0,1,0.0,0.0,20.0,0.0,0
34,34,0,0,0,0,1,49.0,49.0,0.0,0.0,1,36.0,0.0,0.0,0,1,0,24,44,1,0,0,1.0,0.0,0.0,1,62,1.0,0,0.0,0.0,1,0.022727272727272728,0.0,34.0,0.0,0
6,0,0,0,0,0,0,0.0,0.0,0.0,6.0,2,0.8571,0.0,0.0,0,0,0,0,0,0,0,0,0.0,0.0,0.0,0,0,0.0,0,0.0,0.0,0,0.0,0.0,1.0,0.0,0
39,39,0,0,0,0,0,0.0,0.0,0.0,0.0,1,10.0,0.0,0.0,0,1,0,3,0,0,0,0,0.0,0.0,0.0,0,0,0.0,0,0.0,0.0,1,0.0,0.0,39.0,0.0,0
20,5,0,0,0,0,2,1033.5,1033.5,0.0,15.0,7,11.75,0.0,0.0,1,2,1,43,58,40,16,0,1.0,1.6667,1.0,5,58,1.0,0,0.0,0.0,0,0.6896551724137931,0.0,1.3333333333333333,0.0,0
20,20,0,0,0,0,0,0.0,0.0,0.0,0.0,1,7.0,0.0,0.0,0,0,0,0,0,0,0,0,0.0,0.0,0.0,0,0,0.0,0,0.0,0.0,1,0.0,0.0,20.0,0.0,0
188,188,0,0,0,0,0,0.0,0.0,0.0,0.0,1,20.0,0.0,0.0,0,0,0,0,0,0,0,0,0.0,0.0,0.0,0,0,0.0,0,0.0,0.0,1,0.0,0.0,188.0,0.0,0
6,2,0,0,0,0,2,14695.0,14695.0,0.0,4.0,4,31.0,0.0,0.0,1,1,2,92,52,30,17,0,0.92,1.0,1.0,2,61,0.9,0,0.0,0.0,0,0.5769230769230769,0.0,1.5,0.0,0
255,20,0,0,0,0,5,20472.2,25557.75,87.81987578,235.0,4,0.9873,0.0,0.0,0,3,0,175,109,94,8,5,0.90426087,0.0128,0.0085,3,63,0.919388889,0,0.0,0.0,0,0.8623853211009175,0.0,1.0851063829787233,0.0,0
305,305,0,0,0,0,1,2629.0,2629.0,0.0,273.0,4,0.4051,0.0,0.0,0,1,0,86,37,14,10,0,0.7674375,0.0,0.0,2,43,0.689916667,0,0.0,0.0,1,0.3783783783783784,0.0,1.1172161172161172,0.0,0
143,143,0,0,0,0,0,0.0,0.0,0.0,0.0,1,16.0,0.0,0.0,0,0,0,0,0,0,0,0,0.0,0.0,0.0,0,0,0.0,0,0.0,0.0,1,0.0,0.0,143.0,0.0,0
18,18,0,0,0,0,1,18.0,18.0,0.0,0.0,1,58.0,0.0,0.0,0,1,0,34,45,1,0,0,1.0,0.0,0.0,1,62,1.0,0,0.0,0.0,0,0.022222222222222223,0.0,18.0,0.0,0
328,328,0,0,0,0,0,0.0,0.0,0.0,0.0,1,16.0,0.0,0.0,0,0,0,0,0,0,0,0,0.0,0.0,0.0,0,0,0.0,0,0.0,0.0,1,0.0,0.0,328.0,0.0,0
27,13,0,0,0,0,2,225979.5,225979.5,0.0,14.0,6,7.4667,0.0,0.0,0,3,0,60,59,45,11,1,1.0,0.3333,0.3333,2,61,1.0,0,0.0,0.0,0,0.7627118644067796,0.0,1.9285714285714286,0.0,0
7,7,0,0,0,0,2,682.5,682.5,0.0,0.0,1,111.0,0.0,0.0,0,1,0,52,20,19,1,0,0.985915493,0.0,0.0,8,15,0.9875,0,0.0,0.0,0,0.95,0.0,7.0,0.0,0
305,305,0,0,0,0,1,2629.0,2629.0,0.0,273.0,4,0.4051,0.0,0.0,0,1,0,86,37,14,10,0,0.7674375,0.0,0.0,2,43,0.689916667,0,0.0,0.0,1,0.3783783783783784,0.0,1.1172161172161172,0.0,0
47,47,0,0,0,0,0,0.0,0.0,0.0,0.0,1,5.0,0.0,0.0,0,0,0,0,0,0,0,0,0.0,0.0,0.0,0,0,0.0,0,0.0,0.0,1,0.0,0.0,47.0,0.0,1
20,3,0,0,0,0,2,2713.5,2713.5,0.0,17.0,9,10.5556,0.0,0.0,2,1,9,55,60,47,9,1,1.0,0.4615,0.1538,6,57,1.0,0,0.0,0.0,0,0.7833333333333333,0.0,1.1764705882352942,0.0,0
21,10,0,0,0,0,0,0.0,0.0,0.0,11.0,4,2.6667,0.0,0.0,0,0,0,0,0,0,0,0,0.0,0.0,0.0,0,0,0.0,0,0.0,0.0,0,0.0,0.0,1.9090909090909092,0.0,0
6,6,0,0,0,0,0,0.0,0.0,0.0,0.0,1,31.0,0.0,0.0,0,0,0,0,0,0,0,0,0.0,0.0,0.0,0,0,0.0,0,0.0,0.0,0,0.0,0.0,6.0,0.0,0
12,1,0,0,0,0,2,1454.5,1454.5,0.0,11.0,2,5.3333,0.0,0.0,0,1,0,48,59,39,18,0,1.0,0.0,0.0,1,62,1.0,0,0.0,0.0,0,0.6610169491525424,0.0,1.0909090909090908,0.0,0
6,6,0,0,0,0,0,0.0,0.0,0.0,0.0,1,31.0,0.0,0.0,0,0,0,0,0,0,0,0,0.0,0.0,0.0,0,0,0.0,0,0.0,0.0,0,0.0,0.0,6.0,0.0,0
26,26,0,0,0,0,0,0.0,0.0,0.0,7.0,3,1.0,0.0,0.0,0,0,0,0,0,0,0,0,0.0,0.0,0.0,0,0,0.0,0,0.0,0.0,0,0.0,0.0,3.7142857142857144,0.0,0
19,18,0,0,0,0,1,49.0,49.0,0.0,1.0,2,28.0,0.0,0.0,0,2,0,31,39,1,0,0,1.0,0.0,0.0,1,62,1.0,0,0.0,0.0,0,0.02564102564102564,0.0,19.0,0.0,0
15,15,0,0,0,0,0,0.0,0.0,0.0,0.0,1,13.0,0.0,0.0,0,0,0,0,0,0,0,0,0.0,0.0,0.0,0,0,0.0,0,0.0,0.0,1,0.0,0.0,15.0,0.0,0
12,0,0,0,0,0,2,131278.5,131278.5,0.0,12.0,3,9.0769,0.0,0.0,1,2,11,49,58,40,16,0,1.0,0.6667,0.6667,2,61,1.0,0,0.0,0.0,0,0.6896551724137931,0.0,1.0,0.0,0
6,6,0,0,0,0,0,0.0,0.0,0.0,0.0,1,31.0,0.0,0.0,0,0,0,0,0,0,0,0,0.0,0.0,0.0,0,0,0.0,0,0.0,0.0,0,0.0,0.0,6.0,0.0,0
12,12,0,0,0,0,0,0.0,0.0,0.0,0.0,1,3.0,0.0,0.0,0,0,0,0,0,0,0,0,0.0,0.0,0.0,0,0,0.0,0,0.0,0.0,0,0.0,0.0,12.0,0.0,0
6,6,0,0,0,0,0,0.0,0.0,0.0,0.0,1,31.0,0.0,0.0,0,0,0,0,0,0,0,0,0.0,0.0,0.0,0,0,0.0,0,0.0,0.0,0,0.0,0.0,6.0,0.0,0
332,266,0,1,0,0,4,64.0,0.0,0.0,66.0,13,6.3731,19.403,32.8462,3,4,13,67,18,4,0,0,0.0,0.0,0.0,1,2,0.0,0,0.0,0.0,0,0.2222222222222222,0.0,5.03030303030303,0.0,1
220,12,0,12,0,0,0,0.0,0.0,0.0,208.0,3,0.1866,0.0,0.0,0,0,0,0,0,0,0,0,0.0,0.0,0.0,0,90,0.0,0,0.0,0.0,0,0.0,0.0,1.0576923076923077,0.0,0
11,11,0,0,0,0,0,0.0,0.0,0.0,0.0,1,4.0,0.0,0.0,0,0,0,0,0,0,0,0,0.0,0.0,0.0,0,0,0.0,0,0.0,0.0,0,0.0,0.0,11.0,0.0,0
186,7,0,0,3,0,17,15294.0588,170.0,71.66666667,179.0,44,12.4889,24.4444,51.0909,20,21,123,384,115,89,17,2,0.919434207,0.1564,0.0503,28,58,0.922023821,0,0.0,0.0,0,0.7739130434782608,0.06818181818181818,1.0391061452513966,0.0,0
383,21,11,27,2,0,27,134816.2593,363847.7,80.86808511,362.0,55,5.719,15.1515,37.7455,12,37,31,837,342,290,21,9,0.37464126,0.2092,0.1172,50,141,0.429848393,0,0.0,0.0,0,0.847953216374269,0.03636363636363636,1.058011049723757,0.0,0
47,47,0,0,0,0,0,0.0,0.0,0.0,0.0,1,5.0,0.0,0.0,0,0,0,0,0,0,0,0,0.0,0.0,0.0,0,0,0.0,0,0.0,0.0,1,0.0,0.0,47.0,0.0,1
58,18,0,0,0,0,0,0.0,0.0,0.0,40.0,3,0.6341,0.0,0.0,0,0,0,0,0,0,0,0,0.0,0.0,0.0,0,0,0.0,0,0.0,0.0,0,0.0,0.0,1.45,0.0,0
23,8,0,0,0,0,2,798.5,798.5,0.0,15.0,2,5.9375,0.0,0.0,1,2,1,44,59,50,5,1,0.964285714,0.0,0.0,3,60,0.958333333,0,0.0,0.0,0,0.847457627118644,0.0,1.5333333333333334,0.0,0
47,47,0,0,0,0,0,0.0,0.0,0.0,0.0,1,10.0,0.0,0.0,0,1,0,3,0,0,0,0,0.0,0.0,0.0,0,0,0.0,0,0.0,0.0,1,0.0,0.0,47.0,0.0,1
10,10,0,0,0,0,0,0.0,0.0,0.0,0.0,1,6.0,0.0,0.0,0,0,0,0,0,0,0,0,0.0,0.0,0.0,0,0,0.0,0,0.0,0.0,0,0.0,0.0,10.0,0.0,0
23,8,0,0,0,0,2,798.5,798.5,0.0,15.0,2,5.9375,0.0,0.0,1,2,1,44,59,50,5,1,0.964285714,0.0,0.0,3,60,0.958333333,0,0.0,0.0,0,0.847457627118644,0.0,1.5333333333333334,0.0,0
12,12,0,0,0,0,0,0.0,0.0,0.0,0.0,1,12.0,0.0,0.0,0,0,0,0,0,0,0,0,0.0,0.0,0.0,0,0,0.0,0,0.0,0.0,0,0.0,0.0,12.0,0.0,0
186,7,0,0,3,0,17,15294.0588,170.0,71.66666667,179.0,44,12.4889,24.4444,51.0909,20,21,123,384,115,89,17,2,0.919434207,0.1564,0.0503,28,58,0.922023821,0,0.0,0.0,0,0.7739130434782608,0.06818181818181818,1.0391061452513966,0.0,0
12,12,0,0,0,0,0,0.0,0.0,0.0,0.0,1,3.0,0.0,0.0,0,0,0,0,0,0,0,0,0.0,0.0,0.0,0,0,0.0,0,0.0,0.0,0,0.0,0.0,12.0,0.0,0
20,3,0,0,0,0,2,2713.5,2713.5,0.0,17.0,9,10.5556,0.0,0.0,2,1,9,55,60,47,9,1,1.0,0.4615,0.1538,6,57,1.0,0,0.0,0.0,0,0.7833333333333333,0.0,1.1764705882352942,0.0,0
7,5,0,0,0,0,2,2173.0,2173.0,0.0,2.0,2,28.6667,0.0,0.0,1,1,1,55,57,44,9,1,1.0,1.0,1.0,2,61,1.0,0,0.0,0.0,0,0.7719298245614035,0.0,3.5,0.0,0
20,14,0,0,0,0,0,0.0,0.0,0.0,6.0,2,1.5714,0.0,0.0,1,0,1,0,0,0,0,0,0.0,0.0,0.0,0,0,0.0,0,0.0,0.0,1,0.0,0.0,3.3333333333333335,0.0,0
18,18,0,0,0,0,1,18.0,18.0,0.0,0.0,1,58.0,0.0,0.0,0,1,0,34,45,1,0,0,1.0,0.0,0.0,1,62,1.0,0,0.0,0.0,0,0.022222222222222223,0.0,18.0,0.0,0
7,3,0,0,0,0,2,1579.0,1579.0,0.0,4.0,2,20.6,0.0,0.0,0,1,0,68,60,49,7,1,1.0,0.0,0.0,2,61,1.0,0,0.0,0.0,0,0.8166666666666667,0.0,1.75,0.0,0
353,353,0,1,0,0,0,0.0,0.0,0.0,321.0,2,0.1708,0.0,0.0,1,0,2,0,0,0,0,0,0.0,0.0,0.0,1,2,0.0,0,0.0,0.0,1,0.0,0.0,1.0996884735202492,0.0,0
23,8,0,0,0,0,2,798.5,798.5,0.0,15.0,2,5.9375,0.0,0.0,1,2,1,44,59,50,5,1,0.964285714,0.0,0.0,3,60,0.958333333,0,0.0,0.0,0,0.847457627118644,0.0,1.5333333333333334,0.0,0
11,11,0,0,0,0,1,132.0,132.0,0.0,0.0,1,19.0,0.0,0.0,0,1,0,9,0,1,0,0,1.0,0.0,0.0,1,62,1.0,0,0.0,0.0,0,1.0,0.0,11.0,0.0,0
305,305,0,0,0,0,1,2629.0,2629.0,0.0,273.0,4,0.4051,0.0,0.0,0,1,0,86,37,14,10,0,0.7674375,0.0,0.0,2,43,0.689916667,0,0.0,0.0,1,0.3783783783783784,0.0,1.1172161172161172,0.0,0
42,42,0,0,0,0,0,0.0,0.0,0.0,0.0,1,7.0,0.0,0.0,0,0,0,0,0,0,0,0,0.0,0.0,0.0,0,0,0.0,0,0.0,0.0,1,0.0,0.0,42.0,0.0,1
35,35,0,0,0,0,2,776.5,776.5,0.0,0.0,1,48.0,0.0,0.0,0,1,0,35,61,52,5,1,1.0,0.0,0.0,1,62,1.0,0,0.0,0.0,1,0.8524590163934426,0.0,35.0,0.0,0
382,311,0,10,1,3,16,41043.75,111.25,33.33333333,71.0,32,15.625,44.4444,35.1563,7,15,28,470,145,112,9,0,0.0,0.0,0.0,0,0,0.0,0,0.0,0.0,1,0.7724137931034483,0.03125,5.380281690140845,0.0,0
12,12,0,0,0,0,0,0.0,0.0,0.0,0.0,1,3.0,0.0,0.0,0,0,0,0,0,0,0,0,0.0,0.0,0.0,0,0,0.0,0,0.0,0.0,0,0.0,0.0,12.0,0.0,0
20,14,0,0,0,0,0,0.0,0.0,0.0,6.0,2,1.5714,0.0,0.0,1,0,1,0,0,0,0,0,0.0,0.0,0.0,0,0,0.0,0,0.0,0.0,1,0.0,0.0,3.3333333333333335,0.0,0
42,42,0,0,0,0,0,0.0,0.0,0.0,0.0,1,7.0,0.0,0.0,0,0,0,0,0,0,0,0,0.0,0.0,0.0,0,0,0.0,0,0.0,0.0,1,0.0,0.0,42.0,0.0,1
381,269,5,14,3,2,26,40820.1923,131692.375,80.80722892,283.0,55,7.2289,19.3662,37.3273,8,32,25,951,345,276,8,0,0.532771454,0.3469,0.2245,34,125,0.588759814,0,0.0,0.0,0,0.8,0.05454545454545454,1.3462897526501767,0.0,1
35,35,0,0,0,0,2,776.5,776.5,0.0,0.0,1,48.0,0.0,0.0,0,1,0,35,61,52,5,1,1.0,0.0,0.0,1,62,1.0,0,0.0,0.0,1,0.8524590163934426,0.0,35.0,0.0,0
6,2,0,0,0,0,2,14695.0,14695.0,0.0,4.0,4,31.0,0.0,0.0,1,1,2,92,52,30,17,0,0.92,1.0,1.0,2,61,0.9,0,0.0,0.0,0,0.5769230769230769,0.0,1.5,0.0,0
13,13,0,0,0,0,2,952.0,952.0,0.0,0.0,1,57.0,0.0,0.0,0,1,0,46,59,51,4,1,1.0,0.0,0.0,1,62,1.0,0,0.0,0.0,0,0.864406779661017,0.0,13.0,0.0,0
360,265,0,1,3,0,6,72.0,0.0,0.0,342.0,48,11.9213,13.9942,85.1875,9,16,27,150,18,6,0,0,0.0,0.0,0.0,1,48,0.0,0,0.0,0.0,0,0.3333333333333333,0.0625,1.0526315789473684,0.0,1
15,1,0,0,0,0,2,902.0,902.0,0.0,18.0,6,15.3158,0.0,0.0,4,2,22,43,60,47,9,1,0.984006741,0.9286,0.3571,13,50,0.983391615,0,0.0,0.0,0,0.7833333333333333,0.0,0.8333333333333334,0.0,0
12,0,0,0,0,0,2,131278.5,131278.5,0.0,12.0,3,9.0769,0.0,0.0,1,2,11,49,58,40,16,0,1.0,0.6667,0.6667,2,61,1.0,0,0.0,0.0,0,0.6896551724137931,0.0,1.0,0.0,0
7,7,0,0,0,0,2,682.5,682.5,0.0,0.0,1,111.0,0.0,0.0,0,1,0,52,20,19,1,0,0.985915493,0.0,0.0,8,15,0.9875,0,0.0,0.0,0,0.95,0.0,7.0,0.0,0
47,47,0,0,0,0,0,0.0,0.0,0.0,0.0,1,5.0,0.0,0.0,0,0,0,0,0,0,0,0,0.0,0.0,0.0,0,0,0.0,0,0.0,0.0,1,0.0,0.0,47.0,0.0,1
42,42,0,0,0,0,0,0.0,0.0,0.0,0.0,1,7.0,0.0,0.0,0,0,0,0,0,0,0,0,0.0,0.0,0.0,0,0,0.0,0,0.0,0.0,1,0.0,0.0,42.0,0.0,1
6,6,0,0,0,0,0,0.0,0.0,0.0,0.0,1,31.0,0.0,0.0,0,0,0,0,0,0,0,0,0.0,0.0,0.0,0,0,0.0,0,0.0,0.0,0,0.0,0.0,6.0,0.0,0
15,15,0,0,0,0,0,0.0,0.0,0.0,0.0,1,13.0,0.0,0.0,0,0,0,0,0,0,0,0,0.0,0.0,0.0,0,0,0.0,0,0.0,0.0,1,0.0,0.0,15.0,0.0,0
27,11,0,0,0,0,0,0.0,0.0,0.0,27.0,3,2.3571,0.0,0.0,0,0,0,0,0,0,0,0,0.0,0.0,0.0,0,0,0.0,6,0.0,6.0,0,0.0,0.0,1.0,2.0,0
18,18,0,0,0,0,0,0.0,0.0,0.0,0.0,1,9.0,0.0,0.0,0,0,0,0,0,0,0,0,0.0,0.0,0.0,0,0,0.0,0,0.0,0.0,1,0.0,0.0,18.0,0.0,0
328,328,0,0,0,0,0,0.0,0.0,0.0,0.0,1,16.0,0.0,0.0,0,0,0,0,0,0,0,0,0.0,0.0,0.0,0,0,0.0,0,0.0,0.0,1,0.0,0.0,328.0,0.0,0
13,13,0,0,0,0,0,0.0,0.0,0.0,0.0,1,7.0,0.0,0.0,0,0,0,0,0,0,0,0,0.0,0.0,0.0,0,0,0.0,0,0.0,0.0,0,0.0,0.0,13.0,0.0,0
255,20,0,0,0,0,5,20472.2,25557.75,87.81987578,235.0,4,0.9873,0.0,0.0,0,3,0,175,109,94,8,5,0.90426087,0.0128,0.0085,3,63,0.919388889,0,0.0,0.0,0,0.8623853211009175,0.0,1.0851063829787233,0.0,0
6,2,0,0,0,0,2,14695.0,14695.0,0.0,4.0,4,31.0,0.0,0.0,1,1,2,92,52,30,17,0,0.92,1.0,1.0,2,61,0.9,0,0.0,0.0,0,0.5769230769230769,0.0,1.5,0.0,0
41,17,0,0,0,0,0,0.0,0.0,0.0,24.0,2,0.2,0.0,0.0,0,0,0,0,0,0,0,0,0.0,0.0,0.0,0,0,0.0,0,0.0,0.0,1,0.0,0.0,1.7083333333333333,0.0,0
381,269,5,14,3,2,26,40820.1923,131692.375,80.80722892,283.0,55,7.2289,19.3662,37.3273,8,32,25,951,345,276,8,0,0.532771454,0.3469,0.2245,34,125,0.588759814,0,0.0,0.0,0,0.8,0.05454545454545454,1.3462897526501767,0.0,1
15,1,0,0,0,0,2,902.0,902.0,0.0,18.0,6,15.3158,0.0,0.0,4,2,22,43,60,47,9,1,0.984006741,0.9286,0.3571,13,50,0.983391615,0,0.0,0.0,0,0.7833333333333333,0.0,0.8333333333333334,0.0,0
24,24,0,0,0,0,0,0.0,0.0,0.0,0.0,1,6.0,0.0,0.0,0,0,0,0,0,0,0,0,0.0,0.0,0.0,0,0,0.0,0,0.0,0.0,1,0.0,0.0,24.0,0.0,0
47,47,0,0,0,0,0,0.0,0.0,0.0,0.0,1,10.0,0.0,0.0,0,1,0,3,0,0,0,0,0.0,0.0,0.0,0,0,0.0,0,0.0,0.0,1,0.0,0.0,47.0,0.0,1
312,0,1,48,39,0,7,111.8571,93.2,6.203995793,312.0,181,110.885,57.8275,191.7514,58,88,619,1944,18,13,1,1,0.776923077,0.0267,0.0267,4,716,0.6375,7,0.0,7.0,0,0.7222222222222222,0.2154696132596685,1.0,0.03867403314917127,0
12,12,0,0,0,0,0,0.0,0.0,0.0,0.0,1,3.0,0.0,0.0,0,0,0,0,0,0,0,0,0.0,0.0,0.0,0,0,0.0,0,0.0,0.0,0,0.0,0.0,12.0,0.0,0
20,3,0,0,0,0,2,2713.5,2713.5,0.0,17.0,9,10.5556,0.0,0.0,2,1,9,55,60,47,9,1,1.0,0.4615,0.1538,6,57,1.0,0,0.0,0.0,0,0.7833333333333333,0.0,1.1764705882352942,0.0,0
48,1,0,0,0,0,2,2518.0,2518.0,0.0,47.0,29,16.0,60.4167,26.4828,6,7,26,112,58,52,2,1,0.98989897,0.3721,0.2558,16,47,0.989583313,0,0.0,0.0,0,0.896551724137931,0.0,1.0212765957446808,0.0,0
56,6,0,0,0,0,4,1835.25,1835.25,89.72972973,50.0,26,21.4706,50.9804,42.1154,6,10,28,179,62,51,8,1,0.991836735,0.525,0.325,21,42,0.99047619,47,6.7143,15.6667,0,0.8225806451612904,0.0,1.12,1.8076923076923077,0
360,265,0,1,3,0,6,72.0,0.0,0.0,342.0,48,11.9213,13.9942,85.1875,9,16,27,150,18,6,0,0,0.0,0.0,0.0,1,48,0.0,0,0.0,0.0,0,0.3333333333333333,0.0625,1.0526315789473684,0.0,1
40,13,0,0,0,0,2,584.5,584.5,0.0,27.0,4,3.0357,0.0,0.0,0,1,0,32,58,51,3,1,1.0,0.16,0.08,4,59,1.0,0,0.0,0.0,0,0.8793103448275862,0.0,1.4814814814814814,0.0,0
186,7,0,0,3,0,17,15294.0588,170.0,71.66666667,179.0,44,12.4889,24.4444,51.0909,20,21,123,384,115,89,17,2,0.919434207,0.1564,0.0503,28,58,0.922023821,0,0.0,0.0,0,0.7739130434782608,0.06818181818181818,1.0391061452513966,0.0,0
20,14,0,0,0,0,3,1463.6667,1463.6667,0.0,6.0,5,38.8571,0.0,0.0,4,4,19,112,60,53,6,0,1.0,3.6667,1.3333,11,52,1.0,0,0.0,0.0,0,0.8833333333333333,0.0,3.3333333333333335,0.0,0
20,14,0,0,0,0,0,0.0,0.0,0.0,6.0,2,1.5714,0.0,0.0,1,0,1,0,0,0,0,0,0.0,0.0,0.0,0,0,0.0,0,0.0,0.0,1,0.0,0.0,3.3333333333333335,0.0,0
35,35,0,0,0,0,2,776.5,776.5,0.0,0.0,1,48.0,0.0,0.0,0,1,0,35,61,52,5,1,1.0,0.0,0.0,1,62,1.0,0,0.0,0.0,1,0.8524590163934426,0.0,35.0,0.0,0
13,13,0,0,0,0,0,0.0,0.0,0.0,0.0,1,7.0,0.0,0.0,0,0,0,0,0,0,0,0,0.0,0.0,0.0,0,0,0.0,0,0.0,0.0,0,0.0,0.0,13.0,0.0,0
20,3,0,0,0,0,2,2713.5,2713.5,0.0,17.0,9,10.5556,0.0,0.0,2,1,9,55,60,47,9,1,1.0,0.4615,0.1538,6,57,1.0,0,0.0,0.0,0,0.7833333333333333,0.0,1.1764705882352942,0.0,0
12,0,0,0,0,0,2,131278.5,131278.5,0.0,12.0,3,9.0769,0.0,0.0,1,2,11,49,58,40,16,0,1.0,0.6667,0.6667,2,61,1.0,0,0.0,0.0,0,0.6896551724137931,0.0,1.0,0.0,0
44,44,0,0,0,0,0,0.0,0.0,0.0,0.0,1,5.0,0.0,0.0,0,0,0,0,0,0,0,0,0.0,0.0,0.0,0,0,0.0,0,0.0,0.0,1,0.0,0.0,44.0,0.0,1
7,5,0,0,0,0,2,2173.0,2173.0,0.0,2.0,2,28.6667,0.0,0.0,1,1,1,55,57,44,9,1,1.0,1.0,1.0,2,61,1.0,0,0.0,0.0,0,0.7719298245614035,0.0,3.5,0.0,0
179,17,0,0,0,0,0,0.0,0.0,0.0,162.0,3,0.2945,0.0,0.0,0,0,0,0,0,0,0,0,0.0,0.0,0.0,0,0,0.0,0,0.0,0.0,0,0.0,0.0,1.1049382716049383,0.0,0
12,12,0,0,0,0,0,0.0,0.0,0.0,0.0,1,3.0,0.0,0.0,0,0,0,0,0,0,0,0,0.0,0.0,0.0,0,0,0.0,0,0.0,0.0,0,0.0,0.0,12.0,0.0,0
186,7,0,0,3,0,17,15294.0588,170.0,71.66666667,179.0,44,12.4889,24.4444,51.0909,20,21,123,384,115,89,17,2,0.919434207,0.1564,0.0503,28,58,0.922023821,0,0.0,0.0,0,0.7739130434782608,0.06818181818181818,1.0391061452513966,0.0,0
39,39,0,0,0,0,0,0.0,0.0,0.0,0.0,1,10.0,0.0,0.0,0,1,0,3,0,0,0,0,0.0,0.0,0.0,0,0,0.0,0,0.0,0.0,1,0.0,0.0,39.0,0.0,0
10,10,0,0,0,0,0,0.0,0.0,0.0,0.0,1,5.0,0.0,0.0,0,0,0,0,0,0,0,0,0.0,0.0,0.0,0,0,0.0,0,0.0,0.0,0,0.0,0.0,10.0,0.0,0
10,10,0,0,0,0,0,0.0,0.0,0.0,0.0,1,5.0,0.0,0.0,0,0,0,0,0,0,0,0,0.0,0.0,0.0,0,0,0.0,0,0.0,0.0,0,0.0,0.0,10.0,0.0,0
13,13,0,0,0,0,2,952.0,952.0,0.0,0.0,1,57.0,0.0,0.0,0,1,0,46,59,51,4,1,1.0,0.0,0.0,1,62,1.0,0,0.0,0.0,0,0.864406779661017,0.0,13.0,0.0,0
179,17,0,0,0,0,0,0.0,0.0,0.0,162.0,3,0.2945,0.0,0.0,0,0,0,0,0,0,0,0,0.0,0.0,0.0,0,0,0.0,0,0.0,0.0,0,0.0,0.0,1.1049382716049383,0.0,0
12,0,0,0,0,0,2,131278.5,131278.5,0.0,12.0,3,9.0769,0.0,0.0,1,2,11,49,58,40,16,0,1.0,0.6667,0.6667,2,61,1.0,0,0.0,0.0,0,0.6896551724137931,0.0,1.0,0.0,0
7,5,0,0,0,0,2,2173.0,2173.0,0.0,2.0,2,28.6667,0.0,0.0,1,1,1,55,57,44,9,1,1.0,1.0,1.0,2,61,1.0,0,0.0,0.0,0,0.7719298245614035,0.0,3.5,0.0,0
35,35,0,0,0,0,2,776.5,776.5,0.0,0.0,1,48.0,0.0,0.0,0,1,0,35,61,52,5,1,1.0,0.0,0.0,1,62,1.0,0,0.0,0.0,1,0.8524590163934426,0.0,35.0,0.0,0
6,2,0,0,0,0,2,14695.0,14695.0,0.0,4.0,4,31.0,0.0,0.0,1,1,2,92,52,30,17,0,0.92,1.0,1.0,2,61,0.9,0,0.0,0.0,0,0.5769230769230769,0.0,1.5,0.0,0
15,15,0,0,0,0,0,0.0,0.0,0.0,0.0,1,13.0,0.0,0.0,0,0,0,0,0,0,0,0,0.0,0.0,0.0,0,0,0.0,0,0.0,0.0,1,0.0,0.0,15.0,0.0,0
18,3,0,0,0,0,2,46002.5,46002.5,0.0,15.0,7,14.375,0.0,0.0,2,4,32,64,59,48,8,1,0.969230769,0.6667,0.5556,6,57,0.966666667,0,0.0,0.0,0,0.8135593220338984,0.0,1.2,0.0,0
7,5,0,0,0,0,2,2173.0,2173.0,0.0,2.0,2,28.6667,0.0,0.0,1,1,1,55,57,44,9,1,1.0,1.0,1.0,2,61,1.0,0,0.0,0.0,0,0.7719298245614035,0.0,3.5,0.0,0
58,18,0,0,0,0,0,0.0,0.0,0.0,40.0,3,0.6341,0.0,0.0,0,0,0,0,0,0,0,0,0.0,0.0,0.0,0,0,0.0,0,0.0,0.0,0,0.0,0.0,1.45,0.0,0
381,269,5,14,3,2,26,40820.1923,131692.375,80.80722892,283.0,55,7.2289,19.3662,37.3273,8,32,25,951,345,276,8,0,0.532771454,0.3469,0.2245,34,125,0.588759814,0,0.0,0.0,0,0.8,0.05454545454545454,1.3462897526501767,0.0,1
328,328,0,0,0,0,0,0.0,0.0,0.0,0.0,1,16.0,0.0,0.0,0,0,0,0,0,0,0,0,0.0,0.0,0.0,0,0,0.0,0,0.0,0.0,1,0.0,0.0,328.0,0.0,0
21,10,0,0,0,0,0,0.0,0.0,0.0,11.0,4,2.6667,0.0,0.0,0,0,0,0,0,0,0,0,0.0,0.0,0.0,0,0,0.0,0,0.0,0.0,0,0.0,0.0,1.9090909090909092,0.0,0
6,2,0,0,0,0,2,14695.0,14695.0,0.0,4.0,4,31.0,0.0,0.0,1,1,2,92,52,30,17,0,0.92,1.0,1.0,2,61,0.9,0,0.0,0.0,0,0.5769230769230769,0.0,1.5,0.0,0
15,13,0,0,0,0,3,32156.0,32156.0,0.0,2.0,3,34.0,0.0,0.0,1,3,1,70,58,51,4,1,1.0,0.0,0.0,1,62,1.0,0,0.0,0.0,0,0.8793103448275862,0.0,7.5,0.0,0
11,3,0,0,0,0,2,3548.5,3548.5,0.0,8.0,6,13.7778,0.0,0.0,1,2,2,64,58,45,9,1,0.92,0.5,0.5,2,61,0.9,0,0.0,0.0,0,0.7758620689655172,0.0,1.375,0.0,0
353,353,0,1,0,0,0,0.0,0.0,0.0,321.0,2,0.1708,0.0,0.0,1,0,2,0,0,0,0,0,0.0,0.0,0.0,1,2,0.0,0,0.0,0.0,1,0.0,0.0,1.0996884735202492,0.0,0
7,3,0,0,0,0,2,1579.0,1579.0,0.0,4.0,2,20.6,0.0,0.0,0,1,0,68,60,49,7,1,1.0,0.0,0.0,2,61,1.0,0,0.0,0.0,0,0.8166666666666667,0.0,1.75,0.0,0
10,10,0,0,0,0,0,0.0,0.0,0.0,0.0,1,6.0,0.0,0.0,0,0,0,0,0,0,0,0,0.0,0.0,0.0,0,0,0.0,0,0.0,0.0,0,0.0,0.0,10.0,0.0,0
47,47,0,0,0,0,0,0.0,0.0,0.0,0.0,1,10.0,0.0,0.0,0,1,0,3,0,0,0,0,0.0,0.0,0.0,0,0,0.0,0,0.0,0.0,1,0.0,0.0,47.0,0.0,1
12,0,0,0,0,0,2,131278.5,131278.5,0.0,12.0,3,9.0769,0.0,0.0,1,2,11,49,58,40,16,0,1.0,0.6667,0.6667,2,61,1.0,0,0.0,0.0,0,0.6896551724137931,0.0,1.0,0.0,0
7,7,0,0,0,0,2,506.0,506.0,0.0,0.0,1,101.0,0.0,0.0,0,1,0,76,51,2,0,0,1.0,0.0,0.0,1,62,1.0,0,0.0,0.0,0,0.0392156862745098,0.0,7.0,0.0,0
353,353,0,1,0,0,0,0.0,0.0,0.0,321.0,2,0.1708,0.0,0.0,1,0,2,0,0,0,0,0,0.0,0.0,0.0,1,2,0.0,0,0.0,0.0,1,0.0,0.0,1.0996884735202492,0.0,0
186,7,0,0,3,0,17,15294.0588,170.0,71.66666667,179.0,44,12.4889,24.4444,51.0909,20,21,123,384,115,89,17,2,0.919434207,0.1564,0.0503,28,58,0.922023821,0,0.0,0.0,0,0.7739130434782608,0.06818181818181818,1.0391061452513966,0.0,0
24,24,0,0,0,0,0,0.0,0.0,0.0,0.0,1,4.0,0.0,0.0,0,0,0,0,0,0,0,0,0.0,0.0,0.0,0,0,0.0,0,0.0,0.0,1,0.0,0.0,24.0,0.0,0
5,5,0,0,0,0,0,0.0,0.0,0.0,0.0,1,8.0,0.0,0.0,0,0,0,0,0,0,0,0,0.0,0.0,0.0,0,0,0.0,0,0.0,0.0,0,0.0,0.0,5.0,0.0,0
109,49,0,0,0,0,0,0.0,0.0,0.0,60.0,3,1.3443,0.0,0.0,1,0,3,0,0,0,0,0,0.0,0.0,0.0,0,0,0.0,0,0.0,0.0,0,0.0,0.0,1.8166666666666667,0.0,1
33,33,0,0,0,0,0,0.0,0.0,0.0,0.0,1,5.0,0.0,0.0,0,0,0,0,0,0,0,0,0.0,0.0,0.0,0,0,0.0,0,0.0,0.0,1,0.0,0.0,33.0,0.0,0
382,0,0,0,0,0,0,0.0,0.0,0.0,382.0,71,5.4334,18.5379,29.3099,3,25,22,420,1,0,0,0,0.0,0.0,0.0,0,214,0.0,0,0.0,0.0,0,0.0,0.0,1.0,0.0,0
188,188,0,0,0,0,0,0.0,0.0,0.0,0.0,1,24.0,0.0,0.0,1,0,1,0,0,0,0,0,0.0,0.0,0.0,0,0,0.0,0,0.0,0.0,1,0.0,0.0,188.0,0.0,0
20,14,0,0,0,0,0,0.0,0.0,0.0,6.0,2,3.1429,0.0,0.0,0,1,0,3,0,0,0,0,0.0,0.0,0.0,0,0,0.0,0,0.0,0.0,1,0.0,0.0,3.3333333333333335,0.0,0
19,18,0,0,0,0,1,49.0,49.0,0.0,1.0,2,28.0,0.0,0.0,0,2,0,31,39,1,0,0,1.0,0.0,0.0,1,62,1.0,0,0.0,0.0,0,0.02564102564102564,0.0,19.0,0.0,0
7,7,0,0,0,0,2,506.0,506.0,0.0,0.0,1,101.0,0.0,0.0,0,1,0,76,51,2,0,0,1.0,0.0,0.0,1,62,1.0,0,0.0,0.0,0,0.0392156862745098,0.0,7.0,0.0,0
17,17,0,0,0,0,1,79.0,79.0,0.0,0.0,1,50.0,0.0,0.0,0,1,0,36,43,1,0,0,1.0,0.0,0.0,1,62,1.0,0,0.0,0.0,0,0.023255813953488372,0.0,17.0,0.0,0
47,47,0,0,0,0,0,0.0,0.0,0.0,0.0,1,5.0,0.0,0.0,0,0,0,0,0,0,0,0,0.0,0.0,0.0,0,0,0.0,0,0.0,0.0,1,0.0,0.0,47.0,0.0,1
143,143,0,0,0,0,0,0.0,0.0,0.0,0.0,1,16.0,0.0,0.0,0,0,0,0,0,0,0,0,0.0,0.0,0.0,0,0,0.0,0,0.0,0.0,1,0.0,0.0,143.0,0.0,0
41,16,0,0,0,0,2,432769.5,432769.5,0.0,25.0,8,9.8846,0.0,0.0,3,5,10,123,60,46,10,1,1.0,0.6875,0.3125,11,52,1.0,0,0.0,0.0,0,0.7666666666666667,0.0,1.64,0.0,0
10,10,0,0,0,0,0,0.0,0.0,0.0,0.0,1,5.0,0.0,0.0,0,0,0,0,0,0,0,0,0.0,0.0,0.0,0,0,0.0,0,0.0,0.0,0,0.0,0.0,10.0,0.0,0
12,1,0,0,0,0,2,1454.5,1454.5,0.0,11.0,2,5.3333,0.0,0.0,0,1,0,48,59,39,18,0,1.0,0.0,0.0,1,62,1.0,0,0.0,0.0,0,0.6610169491525424,0.0,1.0909090909090908,0.0,0
6,0,0,0,0,0,0,0.0,0.0,0.0,6.0,2,0.8571,0.0,0.0,0,0,0,0,0,0,0,0,0.0,0.0,0.0,0,0,0.0,0,0.0,0.0,0,0.0,0.0,1.0,0.0,0
23,8,0,0,0,0,2,798.5,798.5,0.0,15.0,2,5.9375,0.0,0.0,1,2,1,44,59,50,5,1,0.964285714,0.0,0.0,3,60,0.958333333,0,0.0,0.0,0,0.847457627118644,0.0,1.5333333333333334,0.0,0
14,14,0,0,0,0,0,0.0,0.0,0.0,0.0,1,4.0,0.0,0.0,0,0,0,0,0,0,0,0,0.0,0.0,0.0,0,0,0.0,0,0.0,0.0,0,0.0,0.0,14.0,0.0,0
18,18,0,0,0,0,0,0.0,0.0,0.0,0.0,1,9.0,0.0,0.0,0,0,0,0,0,0,0,0,0.0,0.0,0.0,0,0,0.0,0,0.0,0.0,1,0.0,0.0,18.0,0.0,0
24,24,0,0,0,0,0,0.0,0.0,0.0,0.0,1,6.0,0.0,0.0,0,0,0,0,0,0,0,0,0.0,0.0,0.0,0,0,0.0,0,0.0,0.0,1,0.0,0.0,24.0,0.0,0
220,12,0,12,0,0,0,0.0,0.0,0.0,208.0,3,0.1866,0.0,0.0,0,0,0,0,0,0,0,0,0.0,0.0,0.0,0,90,0.0,0,0.0,0.0,0,0.0,0.0,1.0576923076923077,0.0,0
336,272,0,14,0,0,2,1880.5,0.0,0.0,64.0,9,4.6769,0.0,0.0,0,3,0,175,82,82,0,0,1.0,0.0,0.0,8,46,1.0,0,0.0,0.0,1,1.0,0.0,5.25,0.0,0
186,7,0,0,3,0,17,15294.0588,170.0,71.66666667,179.0,44,12.4889,24.4444,51.0909,20,21,123,384,115,89,17,2,0.919434207,0.1564,0.0503,28,58,0.922023821,0,0.0,0.0,0,0.7739130434782608,0.06818181818181818,1.0391061452513966,0.0,0
56,6,0,0,0,0,4,1835.25,1835.25,89.72972973,50.0,26,21.4706,50.9804,42.1154,6,10,28,179,62,51,8,1,0.991836735,0.525,0.325,21,42,0.99047619,47,6.7143,15.6667,0,0.8225806451612904,0.0,1.12,1.8076923076923077,0
11,11,0,0,0,0,1,132.0,132.0,0.0,0.0,1,19.0,0.0,0.0,0,1,0,9,0,1,0,0,1.0,0.0,0.0,1,62,1.0,0,0.0,0.0,0,1.0,0.0,11.0,0.0,0
6,0,0,0,0,0,0,0.0,0.0,0.0,6.0,2,0.8571,0.0,0.0,0,0,0,0,0,0,0,0,0.0,0.0,0.0,0,0,0.0,0,0.0,0.0,0,0.0,0.0,1.0,0.0,0
42,13,0,0,0,0,2,914.0,914.0,0.0,29.0,6,5.7,0.0,0.0,3,3,9,62,59,53,2,1,0.944545467,0.4118,0.2353,7,56,0.940584429,0,0.0,0.0,0,0.8983050847457628,0.0,1.4482758620689655,0.0,0
12,12,0,0,0,0,0,0.0,0.0,0.0,0.0,1,7.0,0.0,0.0,0,0,0,0,0,0,0,0,0.0,0.0,0.0,0,0,0.0,0,0.0,0.0,0,0.0,0.0,12.0,0.0,0
186,7,0,0,3,0,17,15294.0588,170.0,71.66666667,179.0,44,12.4889,24.4444,51.0909,20,21,123,384,115,89,17,2,0.919434207,0.1564,0.0503,28,58,0.922023821,0,0.0,0.0,0,0.7739130434782608,0.06818181818181818,1.0391061452513966,0.0,0
56,6,0,0,0,0,4,1835.25,1835.25,89.72972973,50.0,26,21.4706,50.9804,42.1154,6,10,28,179,62,51,8,1,0.991836735,0.525,0.325,21,42,0.99047619,47,6.7143,15.6667,0,0.8225806451612904,0.0,1.12,1.8076923076923077,0
7,5,0,0,0,0,2,2173.0,2173.0,0.0,2.0,2,28.6667,0.0,0.0,1,1,1,55,57,44,9,1,1.0,1.0,1.0,2,61,1.0,0,0.0,0.0,0,0.7719298245614035,0.0,3.5,0.0,0
20,14,0,0,0,0,3,1463.6667,1463.6667,0.0,6.0,5,38.8571,0.0,0.0,4,4,19,112,60,53,6,0,1.0,3.6667,1.3333,11,52,1.0,0,0.0,0.0,0,0.8833333333333333,0.0,3.3333333333333335,0.0,0
381,269,5,14,3,2,26,40820.1923,131692.375,80.80722892,283.0,55,7.2289,19.3662,37.3273,8,32,25,951,345,276,8,0,0.532771454,0.3469,0.2245,34,125,0.588759814,0,0.0,0.0,0,0.8,0.05454545454545454,1.3462897526501767,0.0,1
21,21,0,0,0,0,0,0.0,0.0,0.0,0.0,1,5.0,0.0,0.0,0,0,0,0,0,0,0,0,0.0,0.0,0.0,0,0,0.0,0,0.0,0.0,1,0.0,0.0,21.0,0.0,0
12,1,0,0,0,0,2,1454.5,1454.5,0.0,11.0,2,5.3333,0.0,0.0,0,1,0,48,59,39,18,0,1.0,0.0,0.0,1,62,1.0,0,0.0,0.0,0,0.6610169491525424,0.0,1.0909090909090908,0.0,0
381,269,5,14,3,2,26,40820.1923,131692.375,80.80722892,283.0,55,7.2289,19.3662,37.3273,8,32,25,951,345,276,8,0,0.532771454,0.3469,0.2245,34,125,0.588759814,0,0.0,0.0,0,0.8,0.05454545454545454,1.3462897526501767,0.0,1
12,11,0,0,0,0,0,0.0,0.0,0.0,1.0,2,5.5,0.0,0.0,0,0,0,0,0,0,0,0,0.0,0.0,0.0,0,0,0.0,0,0.0,0.0,0,0.0,0.0,12.0,0.0,0
5,5,0,0,0,0,1,765.0,765.0,0.0,2.0,2,25.3333,0.0,0.0,0,1,0,48,19,1,0,0,1.0,0.0,0.0,1,62,1.0,0,0.0,0.0,0,0.05263157894736842,0.0,2.5,0.0,0
390,0,0,35,9,0,1,20.0,20.0,17.85714286,390.0,181,47.8875,46.2916,103.4475,16,61,73,1660,6,1,0,0,1.0,0.0,0.0,1,263,1.0,0,0.0,0.0,0,0.16666666666666666,0.049723756906077346,1.0,0.0,0
383,21,11,27,2,0,27,134816.2593,363847.7,80.86808511,362.0,55,5.719,15.1515,37.7455,12,37,31,837,342,290,21,9,0.37464126,0.2092,0.1172,50,141,0.429848393,0,0.0,0.0,0,0.847953216374269,0.03636363636363636,1.058011049723757,0.0,0
12,11,0,0,0,0,0,0.0,0.0,0.0,1.0,2,5.5,0.0,0.0,0,0,0,0,0,0,0,0,0.0,0.0,0.0,0,0,0.0,0,0.0,0.0,0,0.0,0.0,12.0,0.0,0
41,16,0,0,0,0,2,432769.5,432769.5,0.0,25.0,8,9.8846,0.0,0.0,3,5,10,123,60,46,10,1,1.0,0.6875,0.3125,11,52,1.0,0,0.0,0.0,0,0.7666666666666667,0.0,1.64,0.0,0
21,10,0,0,0,0,0,0.0,0.0,0.0,11.0,4,2.6667,0.0,0.0,0,0,0,0,0,0,0,0,0.0,0.0,0.0,0,0,0.0,0,0.0,0.0,0,0.0,0.0,1.9090909090909092,0.0,0
9,6,0,0,0,0,1,814.0,814.0,0.0,3.0,2,16.5,0.0,0.0,1,1,1,48,36,1,0,0,1.0,0.0,0.0,1,62,1.0,0,0.0,0.0,0,0.027777777777777776,0.0,3.0,0.0,0
12,5,0,0,0,0,0,0.0,0.0,0.0,7.0,2,3.25,0.0,0.0,0,1,0,14,0,1,0,0,0.0,0.0,0.0,0,0,0.0,0,0.0,0.0,0,1.0,0.0,1.7142857142857142,0.0,0
9,6,0,0,0,0,1,814.0,814.0,0.0,3.0,2,16.5,0.0,0.0,1,1,1,48,36,1,0,0,1.0,0.0,0.0,1,62,1.0,0,0.0,0.0,0,0.027777777777777776,0.0,3.0,0.0,0
20,3,0,0,0,0,2,2713.5,2713.5,0.0,17.0,9,10.5556,0.0,0.0,2,1,9,55,60,47,9,1,1.0,0.4615,0.1538,6,57,1.0,0,0.0,0.0,0,0.7833333333333333,0.0,1.1764705882352942,0.0,0
7,7,0,0,0,0,2,506.0,506.0,0.0,0.0,1,101.0,0.0,0.0,0,1,0,76,51,2,0,0,1.0,0.0,0.0,1,62,1.0,0,0.0,0.0,0,0.0392156862745098,0.0,7.0,0.0,0
383,21,11,27,2,0,27,134816.2593,363847.7,80.86808511,362.0,55,5.719,15.1515,37.7455,12,37,31,837,342,290,21,9,0.37464126,0.2092,0.1172,50,141,0.429848393,0,0.0,0.0,0,0.847953216374269,0.03636363636363636,1.058011049723757,0.0,0
312,0,1,48,39,0,7,111.8571,93.2,6.203995793,312.0,181,110.885,57.8275,191.7514,58,88,619,1944,18,13,1,1,0.776923077,0.0267,0.0267,4,716,0.6375,7,0.0,7.0,0,0.7222222222222222,0.2154696132596685,1.0,0.03867403314917127,0
9,6,0,0,0,0,1,814.0,814.0,0.0,3.0,2,16.5,0.0,0.0,1,1,1,48,36,1,0,0,1.0,0.0,0.0,1,62,1.0,0,0.0,0.0,0,0.027777777777777776,0.0,3.0,0.0,0
14,6,0,0,0,0,0,0.0,0.0,0.0,8.0,3,1.2222,0.0,0.0,0,0,0,0,0,0,0,0,0.0,0.0,0.0,0,0,0.0,0,0.0,0.0,0,0.0,0.0,1.75,0.0,0
14,6,0,0,0,0,0,0.0,0.0,0.0,8.0,3,1.2222,0.0,0.0,0,0,0,0,0,0,0,0,0.0,0.0,0.0,0,0,0.0,0,0.0,0.0,0,0.0,0.0,1.75,0.0,0
10,10,0,0,0,0,0,0.0,0.0,0.0,0.0,1,5.0,0.0,0.0,0,0,0,0,0,0,0,0,0.0,0.0,0.0,0,0,0.0,0,0.0,0.0,0,0.0,0.0,10.0,0.0,0
18,3,0,0,0,0,2,46002.5,46002.5,0.0,15.0,7,14.375,0.0,0.0,2,4,32,64,59,48,8,1,0.969230769,0.6667,0.5556,6,57,0.966666667,0,0.0,0.0,0,0.8135593220338984,0.0,1.2,0.0,0
12,1,0,0,0,0,2,1454.5,1454.5,0.0,11.0,2,5.3333,0.0,0.0,0,1,0,48,59,39,18,0,1.0,0.0,0.0,1,62,1.0,0,0.0,0.0,0,0.6610169491525424,0.0,1.0909090909090908,0.0,0
18,18,0,0,0,0,0,0.0,0.0,0.0,0.0,1,9.0,0.0,0.0,0,0,0,0,0,0,0,0,0.0,0.0,0.0,0,0,0.0,0,0.0,0.0,1,0.0,0.0,18.0,0.0,0
21,21,0,0,0,0,0,0.0,0.0,0.0,0.0,1,5.0,0.0,0.0,0,0,0,0,0,0,0,0,0.0,0.0,0.0,0,0,0.0,0,0.0,0.0,1,0.0,0.0,21.0,0.0,0
125,27,0,0,0,1,1,35.0,35.0,0.0,98.0,3,0.5354,0.0,0.0,0,2,0,24,4,1,0,0,1.0,0.0,0.0,1,62,1.0,0,0.0,0.0,0,0.25,0.0,1.2755102040816326,0.0,0
5,5,0,0,0,0,1,765.0,765.0,0.0,2.0,2,25.3333,0.0,0.0,0,1,0,48,19,1,0,0,1.0,0.0,0.0,1,62,1.0,0,0.0,0.0,0,0.05263157894736842,0.0,2.5,0.0,0
11,11,0,0,0,0,1,132.0,132.0,0.0,0.0,1,19.0,0.0,0.0,0,1,0,9,0,1,0,0,1.0,0.0,0.0,1,62,1.0,0,0.0,0.0,0,1.0,0.0,11.0,0.0,0
383,21,11,27,2,0,27,134816.2593,363847.7,80.86808511,362.0,55,5.719,15.1515,37.7455,12,37,31,837,342,290,21,9,0.37464126,0.2092,0.1172,50,141,0.429848393,0,0.0,0.0,0,0.847953216374269,0.03636363636363636,1.058011049723757,0.0,0
12,12,0,0,0,0,0,0.0,0.0,0.0,0.0,1,3.0,0.0,0.0,0,0,0,0,0,0,0,0,0.0,0.0,0.0,0,0,0.0,0,0.0,0.0,0,0.0,0.0,12.0,0.0,0
12,5,0,0,0,0,0,0.0,0.0,0.0,7.0,2,3.25,0.0,0.0,0,1,0,14,0,1,0,0,0.0,0.0,0.0,0,0,0.0,0,0.0,0.0,0,1.0,0.0,1.7142857142857142,0.0,0
6,0,0,0,0,0,0,0.0,0.0,0.0,6.0,2,0.8571,0.0,0.0,0,0,0,0,0,0,0,0,0.0,0.0,0.0,0,0,0.0,0,0.0,0.0,0,0.0,0.0,1.0,0.0,0
220,12,0,12,0,0,0,0.0,0.0,0.0,208.0,3,0.1866,0.0,0.0,0,0,0,0,0,0,0,0,0.0,0.0,0.0,0,90,0.0,0,0.0,0.0,0,0.0,0.0,1.0576923076923077,0.0,0
12,1,0,0,0,0,2,1454.5,1454.5,0.0,11.0,2,5.3333,0.0,0.0,0,1,0,48,59,39,18,0,1.0,0.0,0.0,1,62,1.0,0,0.0,0.0,0,0.6610169491525424,0.0,1.0909090909090908,0.0,0
4,0,0,0,0,0,4,869.5,869.5,93.42342342,4.0,4,70.6,0.0,0.0,3,2,18,115,64,55,5,1,0.991754286,5.25,1.0,21,42,0.99038,6,0.0,6.0,0,0.859375,0.0,1.0,1.5,0
305,305,0,0,0,0,1,2629.0,2629.0,0.0,273.0,4,0.4051,0.0,0.0,0,1,0,86,37,14,10,0,0.7674375,0.0,0.0,2,43,0.689916667,0,0.0,0.0,1,0.3783783783783784,0.0,1.1172161172161172,0.0,0
33,33,0,0,0,0,0,0.0,0.0,0.0,0.0,1,5.0,0.0,0.0,0,0,0,0,0,0,0,0,0.0,0.0,0.0,0,0,0.0,0,0.0,0.0,1,0.0,0.0,33.0,0.0,0
